{"loss": [1.3525128364562988, 0.44188418984413147, 0.26261910796165466, 0.1777449995279312, 0.13262908160686493, 0.10634636133909225, 0.08309726417064667, 0.07325620949268341, 0.06231129914522171, 0.05862314626574516], "accuracy": [0.602461040019989, 0.8590511679649353, 0.9149584174156189, 0.9415463209152222, 0.9563126564025879, 0.9640514850616455, 0.97247314453125, 0.9755886197090149, 0.9792019128799438, 0.9818336963653564], "val_loss": [0.5385738015174866, 0.2644811272621155, 0.24767819046974182, 0.15868014097213745, 0.1594257801771164, 0.13949482142925262, 0.13671644032001495, 0.11464112251996994, 0.12136520445346832, 0.11996730417013168], "val_accuracy": [0.830241322517395, 0.9132711291313171, 0.9223195910453796, 0.9496358036994934, 0.9504324793815613, 0.95652174949646, 0.9573753476142883, 0.9651718735694885, 0.9637491703033447, 0.9631800651550293]}